{
  "IV_relative": [
    -0.041741188545376395,
    0.6415943140256593
  ],
  "OI_normalized": [
    0.01265602378682488,
    10.308334028842747
  ],
  "Volume_normalized": [
    0.0,
    12.270970114828506
  ]
}